GEO_ID|B25003_E001|B25003_M001|B25003_E002|B25003_M002|B25003_E003|B25003_M003
1500000US510030101001|896|165|762|154|134|93
1500000US510030101002|369|166|292|166|77|56
1500000US510030101003|578|154|521|148|57|48
1500000US510030102011|882|167|842|170|40|36
1500000US510030102012|766|161|623|146|143|75
1500000US510030102013|474|132|430|118|44|57
1500000US510030102021|540|80|436|76|104|71
1500000US510030102022|706|152|656|153|50|32
1500000US510030103011|774|138|652|130|122|61
1500000US510030103021|466|45|338|88|128|61
1500000US510030103031|894|162|767|159|127|74
1500000US510030103032|307|96|294|98|13|21
1500000US510030103033|958|162|787|182|171|73
1500000US510030104011|901|146|561|106|340|129
1500000US510030104012|521|152|384|141|137|65
1500000US510030104013|575|258|429|243|146|85
1500000US510030104021|333|101|205|69|128|97
1500000US510030104022|444|85|413|87|31|37
1500000US510030104023|664|108|650|105|14|21
1500000US510030105011|322|72|298|71|24|29
1500000US510030105012|860|216|740|203|120|85
1500000US510030105021|481|132|154|68|327|109
1500000US510030105022|556|134|247|101|309|102
1500000US510030105023|542|162|81|62|461|152
1500000US510030106021|1038|209|532|118|506|170
1500000US510030106022|690|139|637|126|53|43
1500000US510030106023|599|147|460|128|139|78
1500000US510030106031|1024|201|529|193|495|187
1500000US510030106032|353|180|7|12|346|180
1500000US510030106041|379|117|248|109|131|100
1500000US510030106042|424|121|0|13|424|121
1500000US510030106043|870|163|812|159|58|47
1500000US510030107011|894|203|119|91|775|208
1500000US510030107012|615|231|187|82|428|219
1500000US510030107021|402|107|315|83|87|76
1500000US510030107022|621|153|161|91|460|160
1500000US510030107023|444|122|365|130|79|48
1500000US510030108011|797|251|199|178|598|155
1500000US510030108012|628|165|155|68|473|174
1500000US510030108013|411|103|176|74|235|71
1500000US510030108021|561|122|293|111|268|115
1500000US510030108022|469|133|94|71|375|146
1500000US510030109011|530|67|109|36|421|63
1500000US510030109012|171|76|39|57|132|56
1500000US510030109041|12|16|0|13|12|16
1500000US510030109042|558|150|52|45|506|140
1500000US510030109043|0|13|0|13|0|13
1500000US510030110001|522|171|431|156|91|101
1500000US510030110002|304|74|276|77|28|32
1500000US510030110003|707|261|670|260|37|37
1500000US510030110004|644|249|589|243|55|44
1500000US510030110005|418|102|353|81|65|76
1500000US510030111011|744|156|440|193|304|166
1500000US510030111012|276|124|106|108|170|126
1500000US510030111013|70|39|70|39|0|13
1500000US510030111021|632|202|444|94|188|178
1500000US510030111022|587|112|587|112|0|13
1500000US510030111031|382|105|382|105|0|13
1500000US510030111032|248|88|144|70|104|68
1500000US510030111033|340|87|331|88|9|14
1500000US510030111034|258|119|125|93|133|64
1500000US510030111035|418|124|260|97|158|103
1500000US510030112011|513|135|373|128|140|70
1500000US510030112012|633|138|470|141|163|94
1500000US510030112013|701|153|533|152|168|89
1500000US510030112021|359|93|348|96|11|18
1500000US510030112022|336|91|268|88|68|41
1500000US510030112023|432|70|404|72|28|25
1500000US510030112024|354|121|311|120|43|31
1500000US510030113011|373|129|363|126|10|19
1500000US510030113012|438|118|322|105|116|79
1500000US510030113013|729|176|688|178|41|43
1500000US510030113014|165|88|157|87|8|17
1500000US510030113015|363|143|187|100|176|113
1500000US510030113021|395|158|6|9|389|158
1500000US510030113022|457|142|275|150|182|92
1500000US510030113023|440|195|8|22|432|194
1500000US510030113024|888|189|269|97|619|184
1500000US510030113031|767|142|141|62|626|129
1500000US510030113032|1020|159|865|161|155|77
1500000US510030114001|376|92|279|85|97|57
1500000US510030114002|328|84|185|75|143|71
1500000US510030114003|717|170|619|162|98|62
1500000US510030114004|431|135|390|132|41|35
1500000US515400002011|268|64|198|61|70|54
1500000US515400002012|381|145|117|74|264|121
1500000US515400002013|575|218|21|24|554|216
1500000US515400002021|772|178|136|84|636|173
1500000US515400002022|741|223|0|13|741|223
1500000US515400002023|292|139|0|13|292|139
1500000US515400003021|1052|162|312|87|740|159
1500000US515400003022|625|187|443|161|182|95
1500000US515400004011|677|137|245|92|432|128
1500000US515400004012|735|132|422|109|313|114
1500000US515400004021|319|112|228|101|91|67
1500000US515400004022|618|133|357|115|261|115
1500000US515400004023|631|147|298|102|333|123
1500000US515400004024|594|190|446|183|148|102
1500000US515400005011|725|165|146|82|579|156
1500000US515400005012|240|102|120|79|120|59
1500000US515400005013|681|177|420|145|261|122
1500000US515400005021|755|166|299|123|456|146
1500000US515400005022|530|160|218|86|312|152
1500000US515400005023|478|126|261|132|217|105
1500000US515400005024|445|127|244|102|201|90
1500000US515400005025|187|78|135|70|52|44
1500000US515400006001|367|89|25|28|342|87
1500000US515400006002|593|162|51|33|542|161
1500000US515400006003|44|56|0|13|44|56
1500000US515400007001|450|95|352|85|98|71
1500000US515400007002|570|128|411|105|159|68
1500000US515400007003|474|145|0|13|474|145
1500000US515400007004|258|107|129|77|129|56
1500000US515400008001|343|81|320|70|23|33
1500000US515400008002|375|99|354|99|21|27
1500000US515400008003|325|100|303|100|22|28
1500000US515400008004|480|136|146|78|334|101
1500000US515400009001|608|91|389|89|219|80
1500000US515400009002|419|92|323|91|96|49
1500000US515400010001|660|172|107|65|553|180
1500000US515400010002|675|130|331|108|344|121
1500000US515400010003|737|233|307|160|430|189
